Model,Accuracy
Random Forest,0.9707070707070707
SVM,0.9590909090909091
K-Nearest Neighbors,0.9146464646464646
Logistic Regression,0.9171717171717172
Naive Bayes,0.7838383838383839
