Model,Accuracy
Random Forest,0.9998316498316498
SVM,0.9978114478114478
K-Nearest Neighbors,0.9880471380471381
Logistic Regression,0.99503367003367
Naive Bayes,1.0
