Model,Accuracy
Random Forest,0.9742424242424242
SVM,0.9186868686868687
K-Nearest Neighbors,0.9282828282828283
Logistic Regression,0.901010101010101
Naive Bayes,0.9075757575757576
